timestamp,file,artifact,action
20251104T141634Z,scripts/dev_check.sh,scripts/dev_check.sh.agentbak.20251104T141634Z,backup
20251104T141634Z,reports/release_preflight.md,none,created
20251104T141634Z,reports/artifacts/README.md,none,created
20251104T141634Z,_audit/edits/20251104T141634Z_p0_devchecks.md,none,created
20251104T141634Z,env.example,env.example.agentbak.20251104T141634Z,backup
20251104T141634Z,docs/ops/secrets_checklist.md,none,created
20251104T141634Z,_audit/edits/20251104T141634Z_p0_secrets.md,none,created
20251104T141634Z,docs/ops/container_readiness.md,none,created
20251104T141634Z,_audit/edits/20251104T141634Z_p0_containers.md,none,created
20251104T144045Z,docs/openapi/auto_campaigns.yaml,none,created
20251104T144045Z,.spectral.yaml,none,created
20251104T144045Z,docs/openapi/CHANGELOG.md,none,created
20251104T144045Z,_audit/edits/20251104T144045Z_p113_sync_linter.md,none,created
20251104T145500Z,docs/ops/observability_spec.md,none,updated
20251104T145500Z,ops/alerts/p1.rules.example.yaml,none,created
20251104T145500Z,checklist-progress/artifacts/P1.2/metrics_examples.txt,none,created
20251104T145500Z,_audit/edits/20251104T145500Z_p12_observability.md,none,created
20251104T150500Z,docs/dashboards/grafana/operational.json,none,created
20251104T150500Z,docs/dashboards/grafana/growth_billing.json,none,created
20251104T150500Z,docs/dashboards/REPORTING_SYNC.md,none,created
20251104T150500Z,docs/dashboards/ACCEPTANCE.md,none,updated
20251104T150500Z,checklist-progress/PROGRESS.md,none,updated
20251104T150500Z,checklist-progress/NEXT_ACTION.md,none,updated
20251104T150500Z,checklist-progress/CHECKLIST.yaml,none,updated
20251104T150500Z,checklist-progress/RUN_LOG.md,none,updated
20251104T150500Z,_audit/edits/20251104T150500Z_p13_dashboards.md,none,created
20251104T151500Z,research/datasets/README.md,none,updated
20251104T151500Z,research/P2.1_RANKING_SPIKE.md,none,updated
20251104T151500Z,research/ml_ranking_report_TEMPLATE.md,none,updated
20251104T151500Z,checklist-progress/PROGRESS.md,none,updated
20251104T151500Z,checklist-progress/NEXT_ACTION.md,none,updated
20251104T151500Z,checklist-progress/CHECKLIST.yaml,none,updated
20251104T151500Z,checklist-progress/RUN_LOG.md,none,updated
20251104T151500Z,_audit/edits/20251104T151500Z_p14_ranking_docs.md,none,created
20251104T152500Z,integration/P2.2_CONTRACTS.md,none,created
20251104T152500Z,integration/PIPELINE.md,none,updated
20251104T152500Z,integration/SCHEMAS.md,none,updated
20251104T152500Z,checklist-progress/PROGRESS.md,none,updated
20251104T152500Z,checklist-progress/NEXT_ACTION.md,none,updated
20251104T152500Z,checklist-progress/CHECKLIST.yaml,none,updated
20251104T152500Z,checklist-progress/RUN_LOG.md,none,updated
20251104T152500Z,_audit/edits/20251104T152500Z_p22_integrations.md,none,created
20251104T153000Z,integration/mocks/README.md,none,created
20251104T153000Z,integration/mocks/hh_vacancies_page.json,none,created
20251104T153000Z,integration/mocks/hh_rate_limit.json,none,created
20251104T153000Z,integration/mocks/hh_server_error.json,none,created
20251104T153000Z,integration/mocks/habr_export_batch.json,none,created
20251104T153000Z,integration/mocks/habr_missing_fields.json,none,created
20251104T153000Z,integration/mocks/generic_broken_encoding.json,none,created
20251104T153000Z,checklist-progress/artifacts/P2.2/smoke_scenarios.md,none,created
20251104T153000Z,checklist-progress/PROGRESS.md,none,updated
20251104T153000Z,checklist-progress/NEXT_ACTION.md,none,updated
20251104T153000Z,checklist-progress/CHECKLIST.yaml,none,updated
20251104T153000Z,checklist-progress/RUN_LOG.md,none,updated
20251104T153000Z,_audit/edits/20251104T153000Z_p223_mocks_smoke.md,none,created
